date,source,impressions,clicks,spend,conversions,campaign,avg_session_duration,pages_per_session,bounce_rate,conversion_rate
2024-01-01,Instagram,16795,5550,305.05,574,Instagram_campaign_3,192.75,1.39,0.33,0.10342342342342342
2024-01-02,Instagram,1860,1763,511.02,160,Instagram_campaign_4,103.16,6.9,0.64,0.09075439591605218
2024-01-03,Instagram,39158,9821,404.05,153,Instagram_campaign_4,65.96,1.36,0.66,0.015578861623052642
2024-01-04,Instagram,45732,5692,424.96,578,Instagram_campaign_4,50.57,1.13,0.76,0.10154602951510892
2024-01-05,Instagram,12284,7492,852.0,48,Instagram_campaign_1,283.94,5.88,0.22,0.006406833956219968
2024-01-06,Instagram,7265,1406,933.52,118,Instagram_campaign_4,142.49,7.98,0.72,0.08392603129445235
2024-01-07,Instagram,17850,6876,116.9,702,Instagram_campaign_5,186.91,7.28,0.52,0.10209424083769633
2024-01-08,Instagram,38194,5964,248.47,51,Instagram_campaign_3,278.18,5.03,0.58,0.008551307847082495
2024-01-09,Instagram,22962,9574,687.59,195,Instagram_campaign_5,52.34,7.42,0.59,0.020367662419051597
2024-01-10,Instagram,48191,7626,390.71,944,Instagram_campaign_4,266.7,1.04,0.69,0.12378704432205613
2024-01-11,Instagram,45131,9001,291.46,407,Instagram_campaign_3,178.93,7.83,0.4,0.04521719808910121
2024-01-12,Instagram,17023,5675,330.53,232,Instagram_campaign_3,74.51,4.44,0.64,0.040881057268722466
2024-01-13,Instagram,42090,5630,356.42,643,Instagram_campaign_2,141.04,6.06,0.52,0.11420959147424511
2024-01-14,Instagram,2685,4513,856.24,142,Instagram_campaign_2,239.95,6.75,0.68,0.03146465765566142
2024-01-15,Instagram,1769,3848,179.79,172,Instagram_campaign_3,159.7,6.03,0.79,0.0446985446985447
2024-01-16,Instagram,3433,763,723.47,224,Instagram_campaign_2,296.03,4.75,0.32,0.29357798165137616
2024-01-17,Instagram,6311,2098,575.18,742,Instagram_campaign_4,131.72,4.34,0.8,0.3536701620591039
2024-01-18,Instagram,38819,8094,331.68,244,Instagram_campaign_2,232.39,6.87,0.25,0.030145787002718062
2024-01-19,Instagram,40188,1595,448.79,852,Instagram_campaign_2,136.11,2.44,0.2,0.5341692789968652
2024-01-20,Instagram,18568,3404,293.4,667,Instagram_campaign_1,253.87,7.78,0.23,0.19594594594594594
2024-01-21,Instagram,20769,3863,630.94,760,Instagram_campaign_2,183.65,5.98,0.41,0.1967382863059798
2024-01-22,Instagram,29693,5332,127.51,597,Instagram_campaign_2,47.15,2.4,0.58,0.11196549137284321
2024-01-23,Instagram,7396,1953,54.93,18,Instagram_campaign_3,39.94,6.15,0.24,0.009216589861751152
2024-01-24,Instagram,28480,6685,646.5,83,Instagram_campaign_5,66.14,4.71,0.2,0.012415856394913986
2024-01-25,Instagram,42434,1391,234.56,963,Instagram_campaign_5,33.69,5.95,0.76,0.6923076923076923
2024-01-26,Instagram,26658,3681,117.39,501,Instagram_campaign_3,50.35,6.37,0.69,0.1361043194784026
2024-01-27,Instagram,19942,7654,426.94,922,Instagram_campaign_5,216.76,1.61,0.69,0.12045989025346224
2024-01-28,Instagram,19431,7380,98.23,262,Instagram_campaign_1,174.27,4.54,0.73,0.03550135501355014
2024-01-29,Instagram,3747,1736,892.29,239,Instagram_campaign_4,232.48,7.52,0.62,0.13767281105990783
2024-01-30,Instagram,1189,3796,76.24,528,Instagram_campaign_1,276.55,3.24,0.26,0.13909378292939936
2024-01-31,Instagram,20118,798,599.92,183,Instagram_campaign_2,187.99,5.16,0.44,0.22932330827067668
2024-02-01,Instagram,36773,4837,466.55,662,Instagram_campaign_3,226.05,3.58,0.63,0.13686169113086624
2024-02-02,Instagram,2899,954,688.42,177,Instagram_campaign_4,234.41,4.18,0.37,0.18553459119496854
2024-02-03,Instagram,2267,8264,361.75,179,Instagram_campaign_2,132.02,4.84,0.61,0.021660212971926426
2024-02-04,Instagram,32551,5955,197.29,402,Instagram_campaign_3,95.09,4.84,0.21,0.06750629722921915
2024-02-05,Instagram,12394,7492,982.75,955,Instagram_campaign_1,85.36,2.41,0.38,0.1274693005872931
2024-02-06,Instagram,4556,6628,846.99,804,Instagram_campaign_2,97.89,5.79,0.53,0.12130356065178033
2024-02-07,Instagram,4890,5349,867.38,643,Instagram_campaign_3,104.18,1.62,0.58,0.12020938493176295
2024-02-08,Instagram,42606,5272,287.74,203,Instagram_campaign_4,85.95,1.97,0.55,0.038505311077389984
2024-02-09,Instagram,31740,1807,86.89,526,Instagram_campaign_3,267.12,1.02,0.62,0.2910902047592695
2024-02-10,Instagram,15502,5891,338.1,38,Instagram_campaign_3,234.39,1.82,0.2,0.006450517738923782
2024-02-11,Instagram,22777,5635,560.23,174,Instagram_campaign_4,42.66,4.31,0.26,0.030878438331854483
2024-02-12,Instagram,11627,5031,360.32,431,Instagram_campaign_4,102.54,5.24,0.72,0.08566885311071358
2024-02-13,Instagram,9792,3610,836.48,348,Instagram_campaign_3,35.99,6.56,0.61,0.096398891966759
2024-02-14,Instagram,44323,302,307.97,657,Instagram_campaign_2,164.5,1.75,0.27,1.0
2024-02-15,Instagram,44021,4318,966.99,505,Instagram_campaign_5,158.58,6.96,0.71,0.11695229272811487
2024-02-16,Instagram,9433,9058,484.4,374,Instagram_campaign_3,254.47,6.22,0.35,0.0412894678737028
2024-02-17,Instagram,44001,4489,849.92,842,Instagram_campaign_3,113.1,3.86,0.49,0.18756961461349966
2024-02-18,Instagram,12016,2427,234.66,351,Instagram_campaign_2,250.42,7.53,0.29,0.1446229913473424
2024-02-19,Instagram,24897,8104,440.79,509,Instagram_campaign_4,291.35,7.94,0.63,0.06280848963474828
2024-02-20,Instagram,3612,3031,714.54,666,Instagram_campaign_3,53.87,2.44,0.6,0.21972946222368855
2024-02-21,Instagram,24483,7877,181.44,520,Instagram_campaign_2,243.79,3.65,0.33,0.06601498032245778
2024-02-22,Instagram,49555,297,176.11,336,Instagram_campaign_3,189.29,7.49,0.72,1.0
2024-02-23,Instagram,18159,7225,971.06,226,Instagram_campaign_5,159.61,6.05,0.44,0.031280276816609
2024-02-24,Instagram,45974,2030,728.87,310,Instagram_campaign_4,143.54,1.34,0.38,0.15270935960591134
2024-02-25,Instagram,41994,6387,89.01,141,Instagram_campaign_1,241.86,6.47,0.29,0.02207609206200094
2024-02-26,Instagram,15541,8900,428.88,813,Instagram_campaign_1,202.63,6.8,0.36,0.09134831460674157
2024-02-27,Instagram,36920,9439,461.84,79,Instagram_campaign_5,247.36,6.25,0.21,0.008369530670621888
2024-02-28,Instagram,27531,4382,756.84,261,Instagram_campaign_2,273.85,6.6,0.55,0.05956184390689183
2024-02-29,Instagram,2585,2611,288.32,424,Instagram_campaign_1,196.66,6.78,0.71,0.1623898889314439
2024-03-01,Instagram,4943,759,225.12,796,Instagram_campaign_1,294.72,2.3,0.53,1.0
2024-03-02,Instagram,24939,2911,126.83,454,Instagram_campaign_3,194.18,2.65,0.33,0.15596015115080727
2024-03-03,Instagram,20457,7198,456.9,885,Instagram_campaign_4,201.89,5.44,0.22,0.12295081967213115
2024-03-04,Instagram,2021,6646,704.07,191,Instagram_campaign_2,179.8,7.36,0.33,0.028739091182666265
2024-03-05,Instagram,12653,9661,105.28,176,Instagram_campaign_1,54.57,3.21,0.45,0.018217575820308456
2024-03-06,Instagram,44573,2086,919.45,100,Instagram_campaign_5,226.13,5.12,0.66,0.04793863854266539
2024-03-07,Instagram,14417,8438,470.23,723,Instagram_campaign_3,177.81,5.78,0.31,0.08568381132969898
2024-03-08,Instagram,41757,3011,277.8,867,Instagram_campaign_4,151.75,4.16,0.63,0.287944204583195
2024-03-09,Instagram,10692,1834,139.18,540,Instagram_campaign_2,275.83,6.0,0.72,0.29443838604143946
2024-03-10,Instagram,46758,1943,223.72,48,Instagram_campaign_1,110.45,7.3,0.47,0.024704065877509007
2024-03-11,Instagram,7873,8780,937.88,135,Instagram_campaign_2,171.37,5.37,0.69,0.015375854214123007
2024-03-12,Instagram,6675,3076,656.36,460,Instagram_campaign_2,218.36,4.78,0.53,0.14954486345903772
2024-03-13,Instagram,1161,2059,540.86,182,Instagram_campaign_2,245.05,4.07,0.58,0.08839242350655659
2024-03-14,Instagram,38065,5859,674.26,662,Instagram_campaign_4,154.02,5.04,0.52,0.11298856460146783
2024-03-15,Instagram,27557,6794,463.89,763,Instagram_campaign_5,257.36,3.49,0.48,0.11230497497792169
2024-03-16,Instagram,34763,2485,743.54,229,Instagram_campaign_1,237.61,3.74,0.34,0.09215291750503019
2024-03-17,Instagram,33606,4836,95.33,647,Instagram_campaign_4,47.88,4.72,0.38,0.1337882547559967
2024-03-18,Instagram,12534,1902,587.74,67,Instagram_campaign_2,42.38,1.47,0.37,0.035226077812828605
2024-03-19,Instagram,30127,8255,200.71,669,Instagram_campaign_1,197.62,2.6,0.54,0.08104179285281647
2024-03-20,Instagram,41397,8220,164.16,485,Instagram_campaign_3,123.8,4.8,0.27,0.05900243309002433
2024-03-21,Instagram,26851,6716,374.79,465,Instagram_campaign_1,86.47,4.02,0.75,0.06923764145324598
2024-03-22,Instagram,2016,5634,137.21,838,Instagram_campaign_2,186.51,3.33,0.63,0.14873979410720625
2024-03-23,Instagram,25253,4161,139.45,904,Instagram_campaign_2,122.22,6.11,0.44,0.21725546743571256
2024-03-24,Instagram,25276,362,345.84,370,Instagram_campaign_3,175.06,5.86,0.3,1.0
2024-03-25,Instagram,24247,6387,980.54,944,Instagram_campaign_3,154.23,2.17,0.73,0.14780021919524033
2024-03-26,Instagram,25300,8915,216.56,10,Instagram_campaign_2,187.89,7.15,0.69,0.0011217049915872126
2024-03-27,Instagram,9529,9308,66.3,396,Instagram_campaign_4,138.08,4.47,0.63,0.04254404813064031
2024-03-28,Instagram,18262,2149,775.2,982,Instagram_campaign_5,218.37,6.19,0.36,0.45695672405770127
2024-03-29,Instagram,10268,5523,816.57,357,Instagram_campaign_5,78.62,5.01,0.44,0.06463878326996197
2024-03-30,Instagram,22271,4648,378.99,199,Instagram_campaign_5,218.06,7.98,0.26,0.04281411359724613
2024-03-31,Instagram,13185,3208,491.44,514,Instagram_campaign_4,141.15,6.27,0.31,0.16022443890274315
2024-04-01,Instagram,22243,7258,667.28,200,Instagram_campaign_5,266.07,5.95,0.67,0.02755580049600441
2024-04-02,Instagram,40099,7500,95.66,517,Instagram_campaign_5,169.11,6.45,0.63,0.06893333333333333
2024-04-03,Instagram,9571,3270,951.69,378,Instagram_campaign_2,292.74,2.0,0.56,0.11559633027522936
2024-04-04,Instagram,40976,9974,892.35,418,Instagram_campaign_2,192.52,2.43,0.74,0.04190896330459194
2024-04-05,Instagram,39044,2355,297.85,833,Instagram_campaign_3,90.44,6.0,0.55,0.35371549893842885
2024-04-06,Instagram,49984,1254,64.54,938,Instagram_campaign_3,251.88,4.46,0.48,0.748006379585327
2024-04-07,Instagram,41774,4599,936.76,943,Instagram_campaign_3,123.17,6.28,0.4,0.2050445749075886
2024-04-08,Instagram,3568,6395,525.99,126,Instagram_campaign_1,123.86,1.72,0.76,0.019702892885066457
2024-04-09,Instagram,3027,6297,562.41,143,Instagram_campaign_4,38.59,4.76,0.25,0.022709226615848815
2024-04-10,Instagram,3695,9988,699.77,67,Instagram_campaign_1,178.15,3.65,0.76,0.00670804965959151
2024-04-11,Instagram,49190,1748,635.06,565,Instagram_campaign_2,174.29,4.2,0.7,0.3232265446224256
2024-04-12,Instagram,6258,5639,946.7,694,Instagram_campaign_3,126.12,5.23,0.28,0.12307146657208724
2024-04-13,Instagram,23002,9737,947.04,681,Instagram_campaign_4,271.44,4.52,0.54,0.06993940638800451
2024-04-14,Instagram,40504,4299,873.84,182,Instagram_campaign_4,64.76,4.78,0.72,0.04233542684345196
2024-04-15,Instagram,34159,8545,654.58,838,Instagram_campaign_3,119.13,4.4,0.54,0.09806904622586307
2024-04-16,Instagram,14986,2657,810.9,824,Instagram_campaign_4,116.83,3.86,0.74,0.3101242002258186
2024-04-17,Instagram,13666,5692,693.31,158,Instagram_campaign_1,54.92,6.4,0.77,0.02775825720309206
2024-04-18,Instagram,39660,198,594.7,89,Instagram_campaign_5,159.91,1.09,0.45,0.4494949494949495
2024-04-19,Instagram,4561,2300,172.08,895,Instagram_campaign_1,215.7,5.19,0.43,0.38913043478260867
2024-04-20,Instagram,27854,3061,820.64,222,Instagram_campaign_1,168.15,4.96,0.76,0.07252531852335838
2024-04-21,Instagram,39952,5073,829.61,212,Instagram_campaign_4,72.38,6.01,0.61,0.041789867928247584
2024-04-22,Instagram,23662,4533,644.64,773,Instagram_campaign_2,131.87,5.19,0.27,0.17052724465034194
2024-04-23,Instagram,9392,2969,829.41,238,Instagram_campaign_3,30.7,6.79,0.23,0.08016167059616032
2024-04-24,Instagram,31535,1056,668.91,685,Instagram_campaign_1,264.44,7.71,0.54,0.6486742424242424
2024-04-25,Instagram,14067,8452,246.35,236,Instagram_campaign_4,52.82,3.4,0.76,0.027922385234264078
2024-04-26,Instagram,49033,5799,310.26,668,Instagram_campaign_4,191.27,2.59,0.71,0.1151922745300914
2024-04-27,Instagram,24599,7044,253.86,541,Instagram_campaign_5,296.29,3.97,0.61,0.07680295286768882
2024-04-28,Instagram,36222,4593,408.4,450,Instagram_campaign_1,174.88,3.02,0.28,0.09797517962116264
2024-04-29,Instagram,12837,9592,87.01,411,Instagram_campaign_4,279.49,5.3,0.35,0.042848206839032524
2024-04-30,Instagram,15039,5011,637.34,56,Instagram_campaign_4,93.75,7.38,0.73,0.011175414089004191
2024-05-01,Instagram,31818,4087,369.73,242,Instagram_campaign_2,235.19,1.97,0.31,0.059212136041105944
2024-05-02,Instagram,20115,9819,672.94,314,Instagram_campaign_5,173.44,1.71,0.37,0.03197881658009981
2024-05-03,Instagram,11965,6115,416.13,535,Instagram_campaign_3,224.54,2.79,0.28,0.0874897792313982
2024-05-04,Instagram,25538,1318,697.53,152,Instagram_campaign_3,46.83,6.08,0.61,0.11532625189681335
2024-05-05,Instagram,43530,4596,373.59,424,Instagram_campaign_4,69.89,5.15,0.77,0.09225413402959094
2024-05-06,Instagram,6056,4835,297.66,522,Instagram_campaign_4,65.94,1.72,0.36,0.10796277145811789
2024-05-07,Instagram,33482,4655,521.24,382,Instagram_campaign_2,215.53,7.43,0.49,0.08206229860365198
2024-05-08,Instagram,48716,9246,708.25,575,Instagram_campaign_2,258.0,6.53,0.58,0.06218905472636816
2024-05-09,Instagram,9110,8150,380.92,895,Instagram_campaign_4,232.4,1.16,0.8,0.1098159509202454
2024-05-10,Instagram,14773,3546,939.82,268,Instagram_campaign_5,38.23,5.56,0.26,0.07557811618725324
2024-05-11,Instagram,28266,1145,87.23,665,Instagram_campaign_4,264.15,6.4,0.5,0.5807860262008734
2024-05-12,Instagram,18412,6993,447.05,480,Instagram_campaign_2,125.62,3.62,0.43,0.06864006864006864
2024-05-13,Instagram,34270,1793,969.2,962,Instagram_campaign_5,137.23,1.48,0.72,0.5365309537088678
2024-05-14,Instagram,7910,3536,570.57,980,Instagram_campaign_1,58.31,1.54,0.49,0.27714932126696834
2024-05-15,Instagram,46453,8854,452.3,21,Instagram_campaign_5,229.1,1.73,0.27,0.0023718093517054437
2024-05-16,Instagram,26446,5995,590.09,339,Instagram_campaign_2,79.22,6.88,0.58,0.05654712260216847
2024-05-17,Instagram,1206,3454,597.13,745,Instagram_campaign_5,182.27,7.37,0.66,0.21569195136074118
2024-05-18,Instagram,22518,325,745.07,793,Instagram_campaign_4,256.99,1.86,0.2,1.0
2024-05-19,Instagram,23361,4993,171.31,977,Instagram_campaign_3,54.09,2.65,0.72,0.1956739435209293
2024-05-20,Instagram,24419,7122,287.52,367,Instagram_campaign_4,174.54,2.16,0.31,0.05153046896939062
2024-05-21,Instagram,49702,9251,601.52,981,Instagram_campaign_4,92.97,2.3,0.53,0.10604258999027132
2024-05-22,Instagram,42523,5700,873.76,417,Instagram_campaign_1,122.59,6.86,0.45,0.0731578947368421
2024-05-23,Instagram,46151,8096,583.77,677,Instagram_campaign_5,157.97,3.33,0.63,0.08362154150197629
2024-05-24,Instagram,23403,9107,276.67,382,Instagram_campaign_3,125.88,3.18,0.42,0.04194575601185901
2024-05-25,Instagram,19141,7783,695.85,17,Instagram_campaign_5,205.18,2.59,0.72,0.0021842477193884107
2024-05-26,Instagram,15820,4742,752.91,131,Instagram_campaign_2,159.49,5.26,0.64,0.02762547448334036
2024-05-27,Instagram,41342,7779,276.32,357,Instagram_campaign_5,187.73,3.66,0.59,0.045892788276128034
2024-05-28,Instagram,7374,8308,408.84,685,Instagram_campaign_3,228.94,6.21,0.68,0.08245064997592681
2024-05-29,Instagram,2678,7439,557.61,99,Instagram_campaign_1,180.59,2.44,0.65,0.01330824035488641
2024-05-30,Instagram,34827,9535,521.73,657,Instagram_campaign_4,188.36,6.51,0.22,0.06890403775563712
2024-05-31,Instagram,17198,2305,420.14,707,Instagram_campaign_1,182.4,5.23,0.44,0.3067245119305857
2024-06-01,Instagram,10914,1169,332.75,325,Instagram_campaign_5,132.27,1.8,0.76,0.2780153977758768
2024-06-02,Instagram,28890,3544,144.99,187,Instagram_campaign_1,121.11,3.9,0.28,0.052765237020316026
2024-06-03,Instagram,23299,1160,100.81,549,Instagram_campaign_2,272.9,7.04,0.64,0.4732758620689655
2024-06-04,Instagram,44585,2427,960.61,741,Instagram_campaign_3,194.04,7.46,0.78,0.3053152039555006
2024-06-05,Instagram,44689,3520,854.79,878,Instagram_campaign_5,95.98,4.26,0.23,0.24943181818181817
2024-06-06,Instagram,43557,401,387.16,50,Instagram_campaign_4,164.53,4.37,0.61,0.12468827930174564
2024-06-07,Instagram,45020,706,958.96,749,Instagram_campaign_3,119.19,7.43,0.48,1.0
2024-06-08,Instagram,3693,3270,692.93,713,Instagram_campaign_5,282.1,5.11,0.55,0.21804281345565749
2024-06-09,Instagram,30467,799,508.39,932,Instagram_campaign_2,32.03,1.23,0.25,1.0
2024-06-10,Instagram,30723,5188,518.37,511,Instagram_campaign_2,90.84,7.39,0.23,0.09849653045489591
2024-06-11,Instagram,47699,9431,129.12,968,Instagram_campaign_2,128.65,2.74,0.6,0.10264022903191602
2024-06-12,Instagram,4627,290,137.12,154,Instagram_campaign_2,161.71,5.04,0.69,0.5310344827586206
2024-06-13,Instagram,26939,1080,622.32,210,Instagram_campaign_5,259.72,2.16,0.67,0.19444444444444445
2024-06-14,Instagram,49925,3075,576.02,938,Instagram_campaign_3,53.73,1.24,0.53,0.3050406504065041
2024-06-15,Instagram,43941,6202,252.09,733,Instagram_campaign_1,247.58,3.18,0.26,0.118187681393099
2024-01-01,Google_Ads,38148,2781,889.99,536,Google_Ads_campaign_5,89.55,2.04,0.61,0.19273642574613448
2024-01-02,Google_Ads,29734,3729,620.76,162,Google_Ads_campaign_5,142.97,4.69,0.35,0.04344328238133548
2024-01-03,Google_Ads,5757,4325,908.54,743,Google_Ads_campaign_3,84.97,2.72,0.75,0.17179190751445086
2024-01-04,Google_Ads,20097,3167,989.73,215,Google_Ads_campaign_2,256.92,4.34,0.7,0.0678875907799179
2024-01-05,Google_Ads,11395,6041,756.19,464,Google_Ads_campaign_4,77.03,3.76,0.63,0.07680847541797715
2024-01-06,Google_Ads,17241,1486,111.74,282,Google_Ads_campaign_3,289.41,4.85,0.77,0.18977119784656796
2024-01-07,Google_Ads,39356,2966,431.5,903,Google_Ads_campaign_3,142.29,6.23,0.22,0.30445043830074175
2024-01-08,Google_Ads,28696,4888,845.93,245,Google_Ads_campaign_4,258.49,6.01,0.64,0.050122749590834695
2024-01-09,Google_Ads,5944,5590,269.04,861,Google_Ads_campaign_3,199.77,4.65,0.4,0.15402504472271913
2024-01-10,Google_Ads,47163,4224,839.11,749,Google_Ads_campaign_2,228.54,6.76,0.74,0.17732007575757575
2024-01-11,Google_Ads,20816,8440,164.32,530,Google_Ads_campaign_1,237.29,4.02,0.36,0.06279620853080568
2024-01-12,Google_Ads,38011,3950,94.6,687,Google_Ads_campaign_4,166.31,7.28,0.63,0.1739240506329114
2024-01-13,Google_Ads,25917,5515,414.89,953,Google_Ads_campaign_4,176.69,1.5,0.73,0.1728014505893019
2024-01-14,Google_Ads,32195,7779,84.9,965,Google_Ads_campaign_4,168.78,7.68,0.22,0.12405193469597635
2024-01-15,Google_Ads,22566,6919,959.41,840,Google_Ads_campaign_1,188.78,5.58,0.44,0.12140482728718023
2024-01-16,Google_Ads,10916,9428,834.9,735,Google_Ads_campaign_1,37.94,3.66,0.66,0.07795927025880356
2024-01-17,Google_Ads,21806,8478,810.73,510,Google_Ads_campaign_2,136.79,2.38,0.47,0.060155697098372256
2024-01-18,Google_Ads,10984,9542,648.29,126,Google_Ads_campaign_4,193.67,4.35,0.36,0.013204778872353804
2024-01-19,Google_Ads,2759,1433,255.51,395,Google_Ads_campaign_2,191.39,2.36,0.33,0.2756454989532449
2024-01-20,Google_Ads,42949,4250,542.35,353,Google_Ads_campaign_4,244.1,2.16,0.28,0.08305882352941177
2024-01-21,Google_Ads,27838,6866,617.41,593,Google_Ads_campaign_2,206.85,5.32,0.71,0.08636760850568016
2024-01-22,Google_Ads,3482,2811,548.78,404,Google_Ads_campaign_5,297.88,4.66,0.55,0.14372109569548203
2024-01-23,Google_Ads,25442,4953,297.22,73,Google_Ads_campaign_1,106.64,5.69,0.25,0.014738542297597416
2024-01-24,Google_Ads,34719,6312,539.49,726,Google_Ads_campaign_4,126.97,7.51,0.43,0.1150190114068441
2024-01-25,Google_Ads,28965,7579,516.63,730,Google_Ads_campaign_4,133.64,4.73,0.42,0.09631877556405859
2024-01-26,Google_Ads,3079,5508,996.52,81,Google_Ads_campaign_1,155.77,5.07,0.31,0.014705882352941176
2024-01-27,Google_Ads,3717,7815,902.56,798,Google_Ads_campaign_1,255.72,1.63,0.46,0.10211132437619962
2024-01-28,Google_Ads,28952,9042,490.21,283,Google_Ads_campaign_1,93.66,6.02,0.4,0.03129838531298385
2024-01-29,Google_Ads,21908,1862,641.79,999,Google_Ads_campaign_1,239.52,3.8,0.41,0.5365198711063373
2024-01-30,Google_Ads,43460,7201,760.48,329,Google_Ads_campaign_4,139.43,7.84,0.64,0.04568809887515623
2024-01-31,Google_Ads,25861,7774,83.12,347,Google_Ads_campaign_1,192.5,6.76,0.33,0.04463596604064832
2024-02-01,Google_Ads,8311,6222,900.18,375,Google_Ads_campaign_2,200.79,4.66,0.59,0.06027000964320154
2024-02-02,Google_Ads,29071,581,867.12,504,Google_Ads_campaign_5,130.67,1.86,0.54,0.8674698795180723
2024-02-03,Google_Ads,24570,253,484.56,616,Google_Ads_campaign_4,168.41,7.02,0.54,1.0
2024-02-04,Google_Ads,19449,7717,421.61,175,Google_Ads_campaign_1,141.52,6.6,0.6,0.022677206168200077
2024-02-05,Google_Ads,34536,1624,309.31,553,Google_Ads_campaign_5,48.67,2.29,0.53,0.34051724137931033
2024-02-06,Google_Ads,39258,2220,502.84,20,Google_Ads_campaign_1,148.03,3.07,0.73,0.009009009009009009
2024-02-07,Google_Ads,49302,2443,92.16,310,Google_Ads_campaign_5,56.3,6.55,0.61,0.1268931641424478
2024-02-08,Google_Ads,29865,5236,859.58,738,Google_Ads_campaign_5,139.36,2.3,0.53,0.14094728800611153
2024-02-09,Google_Ads,7645,5860,83.65,810,Google_Ads_campaign_1,190.09,7.42,0.7,0.13822525597269625
2024-02-10,Google_Ads,39000,1340,362.6,111,Google_Ads_campaign_2,186.44,3.97,0.56,0.08283582089552238
2024-02-11,Google_Ads,27737,160,935.01,434,Google_Ads_campaign_5,208.91,1.61,0.37,1.0
2024-02-12,Google_Ads,12485,9230,748.45,401,Google_Ads_campaign_2,55.72,6.71,0.32,0.04344528710725894
2024-02-13,Google_Ads,39565,1739,317.32,788,Google_Ads_campaign_3,206.07,3.61,0.29,0.45313398504887864
2024-02-14,Google_Ads,26522,6285,290.02,223,Google_Ads_campaign_5,114.28,4.69,0.74,0.035481304693715195
2024-02-15,Google_Ads,13342,8070,54.83,700,Google_Ads_campaign_1,137.74,1.79,0.63,0.08674101610904585
2024-02-16,Google_Ads,41806,1352,710.93,97,Google_Ads_campaign_2,261.66,1.02,0.76,0.07174556213017752
2024-02-17,Google_Ads,49770,4303,96.34,562,Google_Ads_campaign_1,32.44,5.47,0.56,0.13060655356727865
2024-02-18,Google_Ads,14087,8463,555.97,410,Google_Ads_campaign_5,188.87,4.61,0.48,0.04844617747843554
2024-02-19,Google_Ads,38641,9750,964.02,597,Google_Ads_campaign_5,191.65,5.15,0.24,0.06123076923076923
2024-02-20,Google_Ads,35249,3649,154.0,898,Google_Ads_campaign_3,137.1,6.56,0.6,0.2460948204987668
2024-02-21,Google_Ads,11093,4297,899.76,55,Google_Ads_campaign_2,94.0,5.53,0.55,0.012799627647195718
2024-02-22,Google_Ads,48190,7109,991.9,681,Google_Ads_campaign_1,93.36,2.22,0.79,0.09579406386270924
2024-02-23,Google_Ads,17438,6767,108.44,472,Google_Ads_campaign_2,268.6,3.53,0.34,0.06975025860795035
2024-02-24,Google_Ads,41411,2422,888.76,601,Google_Ads_campaign_2,149.35,7.34,0.52,0.2481420313790256
2024-02-25,Google_Ads,27399,9928,540.28,319,Google_Ads_campaign_4,119.34,6.39,0.59,0.03213134568896051
2024-02-26,Google_Ads,20846,4190,911.19,95,Google_Ads_campaign_4,151.17,4.9,0.59,0.022673031026252982
2024-02-27,Google_Ads,16708,7060,592.75,101,Google_Ads_campaign_3,210.74,2.79,0.54,0.014305949008498584
2024-02-28,Google_Ads,45039,3104,679.01,669,Google_Ads_campaign_1,69.35,3.11,0.67,0.21552835051546393
2024-02-29,Google_Ads,46368,5236,566.59,682,Google_Ads_campaign_1,151.35,6.12,0.32,0.13025210084033614
2024-03-01,Google_Ads,11998,429,871.27,723,Google_Ads_campaign_3,188.73,6.96,0.64,1.0
2024-03-02,Google_Ads,48063,3740,747.21,945,Google_Ads_campaign_1,286.12,5.7,0.57,0.25267379679144386
2024-03-03,Google_Ads,31678,8082,545.2,937,Google_Ads_campaign_2,98.18,6.67,0.74,0.11593664934422172
2024-03-04,Google_Ads,11682,4207,874.75,251,Google_Ads_campaign_2,127.0,6.37,0.71,0.05966246731637746
2024-03-05,Google_Ads,9519,1441,283.02,874,Google_Ads_campaign_1,132.43,2.05,0.39,0.6065232477446217
2024-03-06,Google_Ads,32480,8507,199.47,11,Google_Ads_campaign_2,193.5,3.97,0.37,0.0012930527800634772
2024-03-07,Google_Ads,20694,438,202.38,234,Google_Ads_campaign_1,126.32,2.07,0.79,0.5342465753424658
2024-03-08,Google_Ads,4300,5995,367.31,810,Google_Ads_campaign_5,174.05,2.65,0.52,0.13511259382819016
2024-03-09,Google_Ads,7722,2808,276.76,754,Google_Ads_campaign_3,241.08,7.08,0.74,0.26851851851851855
2024-03-10,Google_Ads,40986,1850,933.59,982,Google_Ads_campaign_5,220.45,4.31,0.3,0.5308108108108108
2024-03-11,Google_Ads,25160,5704,150.54,935,Google_Ads_campaign_1,150.52,4.75,0.59,0.16392005610098176
2024-03-12,Google_Ads,21059,2521,714.04,938,Google_Ads_campaign_3,263.34,2.25,0.69,0.3720745735819119
2024-03-13,Google_Ads,36822,7219,229.76,598,Google_Ads_campaign_1,180.7,3.19,0.77,0.08283695802742762
2024-03-14,Google_Ads,14575,9001,887.56,125,Google_Ads_campaign_4,175.77,2.61,0.4,0.01388734585046106
2024-03-15,Google_Ads,8970,5419,963.25,675,Google_Ads_campaign_5,39.23,2.44,0.63,0.12456172725595129
2024-03-16,Google_Ads,35911,6709,492.2,927,Google_Ads_campaign_5,296.41,5.47,0.52,0.13817260396482337
2024-03-17,Google_Ads,22591,5487,885.12,112,Google_Ads_campaign_4,63.2,2.8,0.24,0.020411882631674868
2024-03-18,Google_Ads,32821,4093,54.89,203,Google_Ads_campaign_5,92.41,5.42,0.61,0.04959687270950403
2024-03-19,Google_Ads,10503,8780,828.95,175,Google_Ads_campaign_1,43.96,1.41,0.61,0.019931662870159454
2024-03-20,Google_Ads,48917,8144,267.19,880,Google_Ads_campaign_2,202.8,1.99,0.76,0.10805500982318271
2024-03-21,Google_Ads,19922,8338,913.27,99,Google_Ads_campaign_4,90.67,2.92,0.5,0.011873350923482849
2024-03-22,Google_Ads,13175,4973,51.06,695,Google_Ads_campaign_4,78.6,5.18,0.34,0.13975467524633017
2024-03-23,Google_Ads,42124,4906,578.37,131,Google_Ads_campaign_1,53.91,5.73,0.23,0.02670199755401549
2024-03-24,Google_Ads,22389,8692,768.8,152,Google_Ads_campaign_4,57.89,4.1,0.45,0.017487344684767602
2024-03-25,Google_Ads,48838,6013,295.75,115,Google_Ads_campaign_4,187.86,4.12,0.38,0.01912522867121237
2024-03-26,Google_Ads,1822,7224,233.48,896,Google_Ads_campaign_4,215.82,6.07,0.66,0.12403100775193798
2024-03-27,Google_Ads,18327,3257,129.89,437,Google_Ads_campaign_1,137.29,1.11,0.41,0.1341725514276942
2024-03-28,Google_Ads,48057,490,360.11,314,Google_Ads_campaign_2,159.57,3.39,0.77,0.6408163265306123
2024-03-29,Google_Ads,7150,4530,581.85,881,Google_Ads_campaign_2,215.21,6.73,0.78,0.19448123620309052
2024-03-30,Google_Ads,5425,8920,160.05,980,Google_Ads_campaign_2,34.69,5.22,0.57,0.10986547085201794
2024-03-31,Google_Ads,17032,7786,407.86,326,Google_Ads_campaign_2,117.25,3.36,0.76,0.04187002311841767
2024-04-01,Google_Ads,3198,4332,58.62,972,Google_Ads_campaign_4,292.74,7.34,0.66,0.22437673130193905
2024-04-02,Google_Ads,21079,8107,827.75,644,Google_Ads_campaign_5,186.63,6.41,0.53,0.07943752312816085
2024-04-03,Google_Ads,37220,1621,172.03,911,Google_Ads_campaign_5,98.64,2.85,0.31,0.5619987661937076
2024-04-04,Google_Ads,42874,9118,319.18,18,Google_Ads_campaign_1,170.87,5.52,0.48,0.0019741171309497698
2024-04-05,Google_Ads,14859,1600,67.51,783,Google_Ads_campaign_5,122.52,5.17,0.54,0.489375
2024-04-06,Google_Ads,32419,6837,460.63,82,Google_Ads_campaign_5,173.71,3.81,0.72,0.01199356442884306
2024-04-07,Google_Ads,9705,3394,848.12,368,Google_Ads_campaign_3,63.95,3.57,0.49,0.10842663523865645
2024-04-08,Google_Ads,43880,5185,422.54,232,Google_Ads_campaign_2,65.83,3.4,0.74,0.04474445515911282
2024-04-09,Google_Ads,24236,2519,220.52,425,Google_Ads_campaign_1,68.76,5.32,0.6,0.1687177451369591
2024-04-10,Google_Ads,23419,9226,766.01,562,Google_Ads_campaign_5,283.75,4.1,0.28,0.060914805983091264
2024-04-11,Google_Ads,20978,3142,799.37,379,Google_Ads_campaign_1,227.88,6.82,0.8,0.12062380649267983
2024-04-12,Google_Ads,38609,4597,215.07,725,Google_Ads_campaign_2,73.84,5.69,0.52,0.15771155101152926
2024-04-13,Google_Ads,16358,1566,782.31,273,Google_Ads_campaign_5,80.85,1.49,0.44,0.1743295019157088
2024-04-14,Google_Ads,35177,3661,949.93,849,Google_Ads_campaign_2,227.32,5.48,0.6,0.23190385140671949
2024-04-15,Google_Ads,30378,714,208.06,699,Google_Ads_campaign_1,72.16,2.9,0.27,0.9789915966386554
2024-04-16,Google_Ads,38334,5492,782.44,869,Google_Ads_campaign_2,93.33,5.15,0.58,0.15823015294974507
2024-04-17,Google_Ads,12382,7793,723.14,327,Google_Ads_campaign_5,290.1,5.76,0.5,0.04196073399204414
2024-04-18,Google_Ads,15596,9474,499.9,93,Google_Ads_campaign_4,98.93,2.62,0.44,0.009816339455351488
2024-04-19,Google_Ads,34572,3323,105.02,327,Google_Ads_campaign_3,208.64,4.2,0.77,0.098405055672585
2024-04-20,Google_Ads,14221,7238,120.96,120,Google_Ads_campaign_2,294.23,2.33,0.51,0.01657916551533573
2024-04-21,Google_Ads,2279,2767,859.79,260,Google_Ads_campaign_3,131.06,1.37,0.33,0.093964582580412
2024-04-22,Google_Ads,46960,8080,990.64,392,Google_Ads_campaign_5,34.73,3.65,0.48,0.048514851485148516
2024-04-23,Google_Ads,8083,230,692.25,16,Google_Ads_campaign_1,95.92,3.54,0.75,0.06956521739130435
2024-04-24,Google_Ads,44861,3083,473.66,468,Google_Ads_campaign_5,254.34,7.97,0.31,0.15180019461563413
2024-04-25,Google_Ads,18771,4378,665.19,93,Google_Ads_campaign_4,263.44,4.12,0.33,0.021242576518958427
2024-04-26,Google_Ads,30975,7226,614.68,217,Google_Ads_campaign_4,237.5,3.33,0.21,0.030030445613063936
2024-04-27,Google_Ads,46648,8330,414.43,909,Google_Ads_campaign_3,60.54,5.06,0.21,0.10912364945978391
2024-04-28,Google_Ads,49285,7794,112.34,399,Google_Ads_campaign_5,244.79,1.62,0.7,0.051193225558121634
2024-04-29,Google_Ads,20063,6740,830.44,323,Google_Ads_campaign_2,278.04,7.73,0.64,0.047922848664688426
2024-04-30,Google_Ads,3106,5568,403.24,31,Google_Ads_campaign_1,192.16,5.44,0.41,0.005567528735632184
2024-05-01,Google_Ads,25557,1020,827.85,419,Google_Ads_campaign_4,284.04,6.28,0.62,0.4107843137254902
2024-05-02,Google_Ads,49854,7664,289.88,904,Google_Ads_campaign_5,253.25,2.19,0.44,0.11795407098121086
2024-05-03,Google_Ads,21607,8784,50.98,524,Google_Ads_campaign_2,210.08,3.87,0.77,0.05965391621129326
2024-05-04,Google_Ads,38599,9423,200.99,136,Google_Ads_campaign_5,185.84,3.96,0.78,0.014432770879762283
2024-05-05,Google_Ads,29529,8602,495.11,818,Google_Ads_campaign_1,124.11,6.75,0.44,0.09509416414787258
2024-05-06,Google_Ads,36954,9030,947.09,709,Google_Ads_campaign_1,73.01,1.01,0.71,0.07851605758582503
2024-05-07,Google_Ads,28856,3341,147.08,883,Google_Ads_campaign_4,193.34,3.11,0.66,0.2642921281053577
2024-05-08,Google_Ads,3573,645,861.5,23,Google_Ads_campaign_2,115.89,7.87,0.39,0.03565891472868217
2024-05-09,Google_Ads,13808,4446,550.67,980,Google_Ads_campaign_1,263.94,4.32,0.34,0.22042285200179937
2024-05-10,Google_Ads,36367,3910,834.62,987,Google_Ads_campaign_3,298.2,3.68,0.47,0.2524296675191816
2024-05-11,Google_Ads,37801,7306,333.46,21,Google_Ads_campaign_4,233.16,1.84,0.67,0.0028743498494388175
2024-05-12,Google_Ads,42196,9105,847.95,96,Google_Ads_campaign_5,54.43,7.82,0.78,0.010543657331136738
2024-05-13,Google_Ads,35072,2132,784.18,533,Google_Ads_campaign_4,107.95,1.14,0.66,0.25
2024-05-14,Google_Ads,24752,8536,268.55,918,Google_Ads_campaign_2,59.46,6.16,0.71,0.10754451733833177
2024-05-15,Google_Ads,18685,371,174.77,546,Google_Ads_campaign_4,205.64,6.38,0.56,1.0
2024-05-16,Google_Ads,42401,3611,874.65,310,Google_Ads_campaign_4,236.6,2.71,0.7,0.08584879534754916
2024-05-17,Google_Ads,12372,1871,965.07,252,Google_Ads_campaign_5,279.93,5.7,0.67,0.13468733297701763
2024-05-18,Google_Ads,9996,9554,79.74,131,Google_Ads_campaign_5,148.31,1.65,0.43,0.013711534435838392
2024-05-19,Google_Ads,17458,4461,744.71,156,Google_Ads_campaign_5,273.37,2.8,0.53,0.03496973772696705
2024-05-20,Google_Ads,32889,7169,914.05,576,Google_Ads_campaign_4,267.03,6.52,0.68,0.0803459338819919
2024-05-21,Google_Ads,27665,1020,864.49,759,Google_Ads_campaign_2,115.64,7.05,0.23,0.7441176470588236
2024-05-22,Google_Ads,39243,8290,966.29,365,Google_Ads_campaign_1,264.6,5.26,0.68,0.04402895054282268
2024-05-23,Google_Ads,32653,3530,772.09,694,Google_Ads_campaign_2,131.43,4.55,0.31,0.19660056657223796
2024-05-24,Google_Ads,27657,4535,470.18,913,Google_Ads_campaign_5,110.15,2.12,0.51,0.20132304299889747
2024-05-25,Google_Ads,40952,3860,346.35,742,Google_Ads_campaign_4,205.25,1.44,0.68,0.1922279792746114
2024-05-26,Google_Ads,23180,2150,354.71,640,Google_Ads_campaign_3,118.66,1.82,0.35,0.29767441860465116
2024-05-27,Google_Ads,32896,1265,738.2,318,Google_Ads_campaign_4,200.16,2.59,0.35,0.25138339920948616
2024-05-28,Google_Ads,13875,8667,758.55,704,Google_Ads_campaign_4,194.65,3.39,0.44,0.08122764509057344
2024-05-29,Google_Ads,2622,2133,240.34,297,Google_Ads_campaign_4,182.13,3.67,0.74,0.13924050632911392
2024-05-30,Google_Ads,49756,6567,874.72,316,Google_Ads_campaign_4,132.71,3.42,0.2,0.04811938480280189
2024-05-31,Google_Ads,41809,245,729.18,821,Google_Ads_campaign_4,178.09,2.67,0.74,1.0
2024-06-01,Google_Ads,17725,4488,584.61,603,Google_Ads_campaign_3,191.05,4.57,0.29,0.13435828877005349
2024-06-02,Google_Ads,41760,7932,497.96,975,Google_Ads_campaign_3,177.34,6.78,0.79,0.1229198184568835
2024-06-03,Google_Ads,16646,8723,566.07,923,Google_Ads_campaign_1,149.99,2.96,0.77,0.10581222056631892
2024-06-04,Google_Ads,18029,8996,201.28,732,Google_Ads_campaign_3,33.96,7.6,0.5,0.08136949755446865
2024-06-05,Google_Ads,30402,8273,243.52,671,Google_Ads_campaign_4,188.51,7.11,0.51,0.08110721624561827
2024-06-06,Google_Ads,5263,2732,136.61,558,Google_Ads_campaign_1,75.48,2.13,0.49,0.2042459736456808
2024-06-07,Google_Ads,31987,4594,195.98,361,Google_Ads_campaign_2,203.5,6.5,0.58,0.07858075750979539
2024-06-08,Google_Ads,47828,8156,481.01,321,Google_Ads_campaign_2,235.02,5.02,0.25,0.03935752820009809
2024-06-09,Google_Ads,48924,7611,553.84,882,Google_Ads_campaign_3,165.12,4.97,0.22,0.11588490342924715
2024-06-10,Google_Ads,9646,9255,66.97,68,Google_Ads_campaign_5,176.44,3.74,0.23,0.007347379794705565
2024-06-11,Google_Ads,28529,1928,806.96,652,Google_Ads_campaign_1,286.9,4.51,0.47,0.3381742738589212
2024-06-12,Google_Ads,12664,9230,329.46,933,Google_Ads_campaign_3,258.74,3.78,0.37,0.10108342361863489
2024-06-13,Google_Ads,36737,4905,916.24,723,Google_Ads_campaign_2,276.84,4.78,0.57,0.1474006116207951
2024-06-14,Google_Ads,36796,906,969.14,764,Google_Ads_campaign_5,249.72,5.4,0.8,0.8432671081677704
2024-06-15,Google_Ads,25027,9755,226.19,44,Google_Ads_campaign_2,59.41,5.72,0.43,0.0045105074320861095
2024-01-01,Facebook,46033,875,534.6,517,Facebook_campaign_2,127.3,7.22,0.54,0.5908571428571429
2024-01-02,Facebook,8629,6969,737.23,485,Facebook_campaign_4,48.5,5.19,0.45,0.06959391591333046
2024-01-03,Facebook,9325,2347,148.93,306,Facebook_campaign_1,236.05,4.52,0.71,0.1303792074989348
2024-01-04,Facebook,29495,7188,264.17,173,Facebook_campaign_2,140.24,1.97,0.74,0.024067890929326655
2024-01-05,Facebook,32750,178,717.8,494,Facebook_campaign_4,235.0,1.81,0.73,1.0
2024-01-06,Facebook,30619,8180,100.16,606,Facebook_campaign_1,273.97,2.08,0.78,0.07408312958435208
2024-01-07,Facebook,41461,7199,512.27,81,Facebook_campaign_3,92.85,2.2,0.22,0.011251562717044033
2024-01-08,Facebook,9264,4026,619.4,576,Facebook_campaign_1,248.0,5.47,0.7,0.14307004470938897
2024-01-09,Facebook,13686,9147,622.04,914,Facebook_campaign_2,45.96,6.19,0.65,0.09992347217666994
2024-01-10,Facebook,47484,7440,71.79,568,Facebook_campaign_2,272.69,4.71,0.34,0.07634408602150537
2024-01-11,Facebook,25226,7183,356.0,920,Facebook_campaign_1,205.71,6.8,0.77,0.12808018933593207
2024-01-12,Facebook,7721,6330,654.67,953,Facebook_campaign_5,266.04,7.94,0.29,0.15055292259083727
2024-01-13,Facebook,21609,9323,191.55,247,Facebook_campaign_1,30.05,6.74,0.61,0.026493617934141372
2024-01-14,Facebook,8373,5040,710.64,113,Facebook_campaign_5,75.65,5.86,0.33,0.02242063492063492
2024-01-15,Facebook,39675,3371,758.63,219,Facebook_campaign_2,135.24,4.73,0.46,0.06496588549391871
2024-01-16,Facebook,49895,3556,982.87,563,Facebook_campaign_2,132.47,4.14,0.63,0.15832395950506187
2024-01-17,Facebook,29937,7888,249.35,837,Facebook_campaign_3,91.22,1.59,0.54,0.1061105476673428
2024-01-18,Facebook,6656,8699,833.87,477,Facebook_campaign_1,133.04,3.8,0.46,0.05483388895275319
2024-01-19,Facebook,9984,7750,544.28,463,Facebook_campaign_2,64.79,7.37,0.4,0.05974193548387097
2024-01-20,Facebook,30984,2811,404.79,277,Facebook_campaign_3,141.45,6.66,0.7,0.09854144432586268
2024-01-21,Facebook,9286,1768,166.26,395,Facebook_campaign_3,246.64,2.51,0.29,0.2234162895927602
2024-01-22,Facebook,6901,247,748.73,784,Facebook_campaign_5,159.35,4.27,0.46,1.0
2024-01-23,Facebook,32552,6520,274.06,857,Facebook_campaign_3,34.86,6.72,0.74,0.13144171779141103
2024-01-24,Facebook,26709,465,402.85,396,Facebook_campaign_3,143.79,1.47,0.71,0.8516129032258064
2024-01-25,Facebook,32055,9966,109.42,886,Facebook_campaign_5,37.34,3.71,0.44,0.08890226771021473
2024-01-26,Facebook,38685,4631,811.3,268,Facebook_campaign_3,290.89,6.96,0.66,0.05787087022241417
2024-01-27,Facebook,9429,5430,778.26,292,Facebook_campaign_2,64.41,3.83,0.69,0.053775322283609574
2024-01-28,Facebook,15716,5610,746.94,635,Facebook_campaign_2,221.08,1.54,0.73,0.11319073083778966
2024-01-29,Facebook,49563,8854,334.47,884,Facebook_campaign_3,292.65,4.8,0.53,0.09984187937655296
2024-01-30,Facebook,12138,9064,214.81,49,Facebook_campaign_5,253.03,7.03,0.32,0.005406001765225066
2024-01-31,Facebook,36298,6593,655.68,495,Facebook_campaign_4,218.82,5.13,0.35,0.07507962991051115
2024-02-01,Facebook,24429,5539,521.36,938,Facebook_campaign_5,256.65,2.58,0.38,0.16934464704820365
2024-02-02,Facebook,6772,9865,219.34,229,Facebook_campaign_3,295.09,3.69,0.56,0.023213380638621387
2024-02-03,Facebook,49244,6611,701.62,138,Facebook_campaign_4,197.76,4.15,0.22,0.020874300408410224
2024-02-04,Facebook,49519,7604,991.57,529,Facebook_campaign_3,180.98,5.05,0.58,0.06956864807995791
2024-02-05,Facebook,36732,1346,759.86,622,Facebook_campaign_3,199.62,6.32,0.42,0.462109955423477
2024-02-06,Facebook,40905,3939,752.99,937,Facebook_campaign_4,173.82,1.69,0.38,0.23787763391723787
2024-02-07,Facebook,18347,8651,952.8,901,Facebook_campaign_3,201.47,7.23,0.73,0.10414980927060455
2024-02-08,Facebook,17920,2476,242.79,697,Facebook_campaign_5,151.46,1.09,0.48,0.28150242326332797
2024-02-09,Facebook,32822,3109,587.27,628,Facebook_campaign_4,88.98,3.59,0.26,0.20199421035702797
2024-02-10,Facebook,47659,9254,980.66,622,Facebook_campaign_2,62.47,1.19,0.7,0.06721417765290685
2024-02-11,Facebook,41108,1927,207.03,269,Facebook_campaign_2,48.45,3.75,0.23,0.13959522573949143
2024-02-12,Facebook,24563,7079,715.24,999,Facebook_campaign_2,101.1,4.68,0.64,0.14112162734849554
2024-02-13,Facebook,8967,9905,606.52,975,Facebook_campaign_1,42.45,4.58,0.66,0.09843513377082282
2024-02-14,Facebook,46183,9932,607.16,375,Facebook_campaign_3,183.14,2.16,0.41,0.03775674587192912
2024-02-15,Facebook,12871,8669,712.79,767,Facebook_campaign_5,106.63,5.52,0.69,0.08847617949013727
2024-02-16,Facebook,29763,4385,933.14,796,Facebook_campaign_4,252.62,1.31,0.51,0.1815279361459521
2024-02-17,Facebook,12916,7010,793.45,553,Facebook_campaign_1,50.05,6.33,0.48,0.07888730385164051
2024-02-18,Facebook,9734,8661,103.33,658,Facebook_campaign_1,91.11,7.63,0.23,0.07597275141438634
2024-02-19,Facebook,34613,2296,860.09,533,Facebook_campaign_1,227.17,3.38,0.37,0.23214285714285715
2024-02-20,Facebook,29179,3847,264.26,916,Facebook_campaign_4,191.68,4.62,0.76,0.23810761632440863
2024-02-21,Facebook,36262,8943,408.07,823,Facebook_campaign_4,47.41,3.65,0.44,0.09202728390920273
2024-02-22,Facebook,13677,6078,488.65,896,Facebook_campaign_5,266.85,1.05,0.53,0.14741691345837446
2024-02-23,Facebook,19268,5707,506.86,25,Facebook_campaign_3,266.86,3.7,0.52,0.004380585246188891
2024-02-24,Facebook,13330,869,463.42,138,Facebook_campaign_4,119.21,6.54,0.55,0.15880322209436135
2024-02-25,Facebook,21733,880,940.49,584,Facebook_campaign_2,121.91,5.17,0.24,0.6636363636363637
2024-02-26,Facebook,38947,6403,720.72,118,Facebook_campaign_1,297.04,1.71,0.42,0.01842886147118538
2024-02-27,Facebook,28286,4083,649.61,896,Facebook_campaign_3,199.07,6.93,0.63,0.21944648542738182
2024-02-28,Facebook,7610,9603,97.35,542,Facebook_campaign_2,173.46,4.72,0.32,0.05644069561595335
2024-02-29,Facebook,7430,8814,908.72,679,Facebook_campaign_3,256.3,6.89,0.32,0.07703653278874519
2024-03-01,Facebook,40922,621,913.92,278,Facebook_campaign_1,107.03,5.06,0.21,0.4476650563607085
2024-03-02,Facebook,14828,9227,791.2,171,Facebook_campaign_4,145.88,4.92,0.46,0.01853256746504823
2024-03-03,Facebook,43913,7669,56.68,269,Facebook_campaign_4,102.3,1.74,0.73,0.035076281131829444
2024-03-04,Facebook,32497,5884,104.42,933,Facebook_campaign_1,243.07,2.17,0.23,0.15856560163154318
2024-03-05,Facebook,40256,4683,263.96,111,Facebook_campaign_2,184.8,7.8,0.31,0.02370275464445868
2024-03-06,Facebook,37618,6046,174.78,515,Facebook_campaign_4,207.88,2.6,0.39,0.08518028448561032
2024-03-07,Facebook,47332,5041,428.89,744,Facebook_campaign_2,98.12,7.84,0.64,0.14758976393572704
2024-03-08,Facebook,27526,6367,926.49,580,Facebook_campaign_1,89.46,4.72,0.58,0.09109470708339877
2024-03-09,Facebook,31158,7228,498.46,256,Facebook_campaign_1,161.86,1.95,0.45,0.03541781959048146
2024-03-10,Facebook,26032,2561,62.73,649,Facebook_campaign_2,229.14,1.7,0.66,0.25341663412729404
2024-03-11,Facebook,38846,785,318.61,804,Facebook_campaign_4,171.81,2.46,0.57,1.0
2024-03-12,Facebook,45936,2260,92.37,846,Facebook_campaign_2,38.81,7.48,0.74,0.3743362831858407
2024-03-13,Facebook,30794,7131,84.47,546,Facebook_campaign_3,264.51,3.9,0.69,0.07656710138830458
2024-03-14,Facebook,6448,9859,311.93,140,Facebook_campaign_2,47.47,3.77,0.35,0.014200223146363728
2024-03-15,Facebook,29861,5441,311.83,362,Facebook_campaign_2,288.07,3.19,0.36,0.06653188752067635
2024-03-16,Facebook,29141,138,797.77,205,Facebook_campaign_5,36.79,2.03,0.28,1.0
2024-03-17,Facebook,10074,4975,976.09,802,Facebook_campaign_3,217.5,4.41,0.4,0.16120603015075377
2024-03-18,Facebook,7406,1356,402.65,925,Facebook_campaign_5,52.2,1.91,0.8,0.6821533923303835
2024-03-19,Facebook,32823,7797,457.44,939,Facebook_campaign_1,275.88,6.85,0.44,0.12043093497499038
2024-03-20,Facebook,24291,2296,852.55,675,Facebook_campaign_4,155.4,3.59,0.33,0.2939895470383275
2024-03-21,Facebook,42568,7265,304.73,391,Facebook_campaign_2,67.13,3.62,0.66,0.05381968341362698
2024-03-22,Facebook,33003,401,198.56,654,Facebook_campaign_2,122.02,4.32,0.53,1.0
2024-03-23,Facebook,47851,7627,860.44,236,Facebook_campaign_5,74.5,4.11,0.29,0.030942703553166383
2024-03-24,Facebook,35406,6481,94.18,710,Facebook_campaign_3,76.06,7.96,0.43,0.10955099521678753
2024-03-25,Facebook,24312,746,638.71,485,Facebook_campaign_1,285.99,4.82,0.45,0.6501340482573726
2024-03-26,Facebook,44108,8889,583.89,486,Facebook_campaign_5,150.22,1.62,0.65,0.05467431657104286
2024-03-27,Facebook,2382,8953,378.62,274,Facebook_campaign_3,242.98,5.25,0.21,0.030604266726237016
2024-03-28,Facebook,35171,4430,349.43,381,Facebook_campaign_5,202.69,2.06,0.36,0.08600451467268623
2024-03-29,Facebook,42779,9660,783.26,495,Facebook_campaign_3,212.64,1.22,0.51,0.05124223602484472
2024-03-30,Facebook,4292,7103,132.1,443,Facebook_campaign_3,65.56,7.8,0.36,0.06236801351541602
2024-03-31,Facebook,42779,3637,274.95,655,Facebook_campaign_4,93.23,6.41,0.58,0.18009348364036293
2024-04-01,Facebook,34187,4658,745.83,220,Facebook_campaign_5,242.42,7.86,0.49,0.047230571060541
2024-04-02,Facebook,13411,6679,570.9,581,Facebook_campaign_1,292.11,4.35,0.42,0.08698907022009283
2024-04-03,Facebook,38285,8574,171.59,949,Facebook_campaign_3,100.92,4.73,0.77,0.11068346162817821
2024-04-04,Facebook,16422,9778,888.03,386,Facebook_campaign_2,103.32,2.18,0.58,0.039476375536919614
2024-04-05,Facebook,43468,4182,423.78,404,Facebook_campaign_4,157.68,2.73,0.28,0.09660449545671927
2024-04-06,Facebook,33371,4283,836.47,459,Facebook_campaign_1,295.64,6.87,0.54,0.10716787298622461
2024-04-07,Facebook,6693,8752,798.33,952,Facebook_campaign_5,102.62,3.49,0.67,0.10877513711151737
2024-04-08,Facebook,34535,3854,643.2,373,Facebook_campaign_1,139.88,6.79,0.63,0.09678256357031656
2024-04-09,Facebook,15818,1824,519.76,885,Facebook_campaign_2,270.7,5.96,0.3,0.48519736842105265
2024-04-10,Facebook,32238,1476,980.57,466,Facebook_campaign_1,30.79,2.24,0.78,0.3157181571815718
2024-04-11,Facebook,31874,8806,187.72,734,Facebook_campaign_4,40.74,4.55,0.47,0.08335225982284805
2024-04-12,Facebook,27715,8994,738.9,737,Facebook_campaign_3,193.1,5.74,0.3,0.08194351790082277
2024-04-13,Facebook,28605,1753,231.63,235,Facebook_campaign_2,274.99,2.65,0.31,0.13405590416428978
2024-04-14,Facebook,35317,2166,371.35,991,Facebook_campaign_1,94.49,6.81,0.26,0.45752539242843954
2024-04-15,Facebook,32174,122,343.26,140,Facebook_campaign_5,156.8,4.81,0.68,1.0
2024-04-16,Facebook,10956,2560,949.68,597,Facebook_campaign_3,151.63,2.16,0.27,0.233203125
2024-04-17,Facebook,39908,6026,968.99,485,Facebook_campaign_4,157.7,5.08,0.28,0.0804845668768669
2024-04-18,Facebook,11837,6351,223.86,807,Facebook_campaign_5,198.08,8.0,0.71,0.12706660368445913
2024-04-19,Facebook,4716,9596,70.93,995,Facebook_campaign_4,156.83,2.05,0.41,0.10368903709879117
2024-04-20,Facebook,5481,7395,734.01,286,Facebook_campaign_5,150.82,6.72,0.22,0.03867478025693036
2024-04-21,Facebook,25282,3400,447.09,165,Facebook_campaign_3,158.06,2.45,0.23,0.04852941176470588
2024-04-22,Facebook,7548,6379,134.4,769,Facebook_campaign_2,189.53,6.48,0.29,0.12055181062862518
2024-04-23,Facebook,38605,8653,699.57,227,Facebook_campaign_5,174.99,6.14,0.33,0.026233676181671096
2024-04-24,Facebook,8758,7453,567.85,199,Facebook_campaign_2,260.62,3.1,0.6,0.02670065745337448
2024-04-25,Facebook,44668,3827,981.49,426,Facebook_campaign_2,43.36,3.28,0.29,0.11131434544029266
2024-04-26,Facebook,24177,6372,266.04,990,Facebook_campaign_2,255.0,6.55,0.27,0.1553672316384181
2024-04-27,Facebook,25022,6095,433.78,684,Facebook_campaign_3,257.86,4.23,0.66,0.11222313371616079
2024-04-28,Facebook,41761,9576,565.42,701,Facebook_campaign_4,106.93,6.12,0.6,0.07320384294068505
2024-04-29,Facebook,6542,614,802.11,555,Facebook_campaign_1,154.97,2.04,0.46,0.9039087947882736
2024-04-30,Facebook,26476,548,571.4,50,Facebook_campaign_5,148.41,6.97,0.53,0.09124087591240876
2024-05-01,Facebook,31784,6119,632.26,316,Facebook_campaign_5,89.0,5.98,0.39,0.05164242523288119
2024-05-02,Facebook,23740,5443,264.84,952,Facebook_campaign_1,137.14,7.35,0.49,0.1749035458386919
2024-05-03,Facebook,25817,8133,854.57,347,Facebook_campaign_5,41.98,1.93,0.5,0.04266568301979589
2024-05-04,Facebook,48596,2620,457.2,323,Facebook_campaign_5,105.01,5.15,0.43,0.12328244274809161
2024-05-05,Facebook,17052,3181,183.91,84,Facebook_campaign_2,250.5,5.19,0.74,0.026406790317510215
2024-05-06,Facebook,36153,1528,680.98,962,Facebook_campaign_2,106.83,3.47,0.21,0.6295811518324608
2024-05-07,Facebook,48076,4067,255.29,288,Facebook_campaign_5,250.92,4.21,0.67,0.07081386771576101
2024-05-08,Facebook,1671,6545,142.68,185,Facebook_campaign_3,173.53,1.27,0.27,0.02826585179526356
2024-05-09,Facebook,1163,9214,868.89,905,Facebook_campaign_5,267.56,6.22,0.68,0.09822009984805731
2024-05-10,Facebook,42424,2259,487.15,671,Facebook_campaign_1,185.19,4.85,0.57,0.2970340858787074
2024-05-11,Facebook,45002,5232,761.82,282,Facebook_campaign_1,38.01,1.4,0.71,0.05389908256880734
2024-05-12,Facebook,5795,2647,326.06,846,Facebook_campaign_3,212.36,5.77,0.26,0.3196071023800529
2024-05-13,Facebook,11634,3079,797.62,629,Facebook_campaign_4,42.11,4.27,0.54,0.20428710620331275
2024-05-14,Facebook,5798,2749,156.34,660,Facebook_campaign_4,151.66,1.24,0.5,0.2400873044743543
2024-05-15,Facebook,23420,8605,388.17,871,Facebook_campaign_1,280.95,7.79,0.62,0.10122022080185938
2024-05-16,Facebook,30300,3183,979.16,792,Facebook_campaign_4,74.61,7.64,0.52,0.24882186616399624
2024-05-17,Facebook,25345,1137,804.29,868,Facebook_campaign_1,135.27,4.59,0.52,0.7634124890061565
2024-05-18,Facebook,11749,3589,522.39,940,Facebook_campaign_5,227.06,1.66,0.46,0.2619113959320145
2024-05-19,Facebook,39595,7704,372.79,298,Facebook_campaign_2,268.21,6.28,0.39,0.038681204569055036
2024-05-20,Facebook,26121,7644,878.53,733,Facebook_campaign_5,211.15,4.44,0.49,0.09589220303506017
2024-05-21,Facebook,38487,2734,567.61,902,Facebook_campaign_3,99.71,3.12,0.27,0.32991953182150696
2024-05-22,Facebook,29411,4083,770.5,281,Facebook_campaign_1,212.14,4.44,0.78,0.06882194464854274
2024-05-23,Facebook,34361,1878,766.4,939,Facebook_campaign_2,110.12,4.66,0.63,0.5
2024-05-24,Facebook,22223,8002,67.05,75,Facebook_campaign_5,223.98,4.94,0.77,0.009372656835791053
2024-05-25,Facebook,8394,5210,169.94,492,Facebook_campaign_4,287.59,4.09,0.34,0.09443378119001919
2024-05-26,Facebook,15056,5289,676.65,945,Facebook_campaign_3,224.78,5.24,0.73,0.17867271695972772
2024-05-27,Facebook,29380,7478,203.54,257,Facebook_campaign_4,262.98,7.43,0.69,0.034367477935276815
2024-05-28,Facebook,27035,1224,292.72,165,Facebook_campaign_1,30.57,3.54,0.61,0.13480392156862744
2024-05-29,Facebook,31620,797,949.31,56,Facebook_campaign_2,223.74,6.08,0.58,0.07026348808030113
2024-05-30,Facebook,20877,2279,582.17,944,Facebook_campaign_5,253.99,7.26,0.39,0.4142167617376042
2024-05-31,Facebook,44404,9696,763.19,463,Facebook_campaign_2,40.95,4.19,0.69,0.0477516501650165
2024-06-01,Facebook,31911,5351,580.08,210,Facebook_campaign_2,265.33,4.1,0.5,0.039245000934404785
2024-06-02,Facebook,33784,9335,574.89,669,Facebook_campaign_2,99.31,5.21,0.24,0.07166577396893412
2024-06-03,Facebook,4191,2029,139.44,133,Facebook_campaign_4,209.63,5.14,0.39,0.06554953178905865
2024-06-04,Facebook,34160,1113,376.48,10,Facebook_campaign_4,246.1,6.65,0.76,0.008984725965858042
2024-06-05,Facebook,26000,326,318.31,977,Facebook_campaign_1,208.92,4.34,0.71,1.0
2024-06-06,Facebook,40040,7421,421.19,768,Facebook_campaign_2,54.92,7.97,0.79,0.10349009567443741
2024-06-07,Facebook,4631,1928,808.43,864,Facebook_campaign_5,191.01,1.42,0.58,0.44813278008298757
2024-06-08,Facebook,7172,8009,403.34,649,Facebook_campaign_1,178.39,1.02,0.35,0.08103383693344987
2024-06-09,Facebook,43080,5688,479.11,200,Facebook_campaign_2,273.09,5.48,0.3,0.035161744022503515
2024-06-10,Facebook,24561,2123,427.51,588,Facebook_campaign_5,139.14,3.09,0.31,0.2769665567593029
2024-06-11,Facebook,25817,5066,138.74,525,Facebook_campaign_3,116.69,2.68,0.21,0.10363205684958547
2024-06-12,Facebook,21281,5991,469.02,451,Facebook_campaign_4,232.46,3.18,0.43,0.07527958604573527
2024-06-13,Facebook,29671,1180,235.83,930,Facebook_campaign_2,141.42,2.79,0.31,0.788135593220339
2024-06-14,Facebook,26364,5136,227.39,824,Facebook_campaign_5,204.45,1.22,0.45,0.16043613707165108
2024-06-15,Facebook,42674,2663,139.33,815,Facebook_campaign_1,204.54,7.8,0.76,0.3060458129928652
